{"count":1,"self":142.4599552,"total":144.23298409999998,"children":{"InitializeActuators":{"count":1,"self":0.0029682999999999997,"total":0.0029682999999999997,"children":null},"InitializeSensors":{"count":1,"self":0.0030001999999999997,"total":0.0030001999999999997,"children":null},"AgentSendState":{"count":6940,"self":0.1174766,"total":0.1484612,"children":{"CollectObservations":{"count":1388,"self":0.0043691,"total":0.0043691,"children":null},"WriteActionMask":{"count":1388,"self":0.0017526,"total":0.0017526,"children":null},"RequestDecision":{"count":1388,"self":0.0248629,"total":0.0248629,"children":null}}},"DecideAction":{"count":6940,"self":1.5307553999999999,"total":1.5409586,"children":{"RayPerceptionSensor.Perceive":{"count":1388,"self":0.010203199999999999,"total":0.010203199999999999,"children":null}}},"AgentAct":{"count":6940,"self":0.076648899999999992,"total":0.076648899999999992,"children":null}},"gauges":{"FlappyBird.CumulativeReward":{"count":1,"max":39.9992371,"min":39.9992371,"runningAverage":39.9992371,"value":39.9992371,"weightedAverage":39.9992371}},"metadata":{"timer_format_version":"0.1.0","start_time_seconds":"1647589808","unity_version":"2020.3.25f1","command_line_arguments":"C:\\Program Files\\Unity\\Hub\\Editor\\2020.3.25f1\\Editor\\Unity.exe -projectpath D:\\workspace\\Unity\\MLFlappyBird_Curriculum -useHub -hubIPC -cloudEnvironment production -licensingIpc LicenseClient-TJ_502 -hubSessionId 00c35360-a653-11ec-9c96-3d2d6508bb0f -accessToken E_ZlHjKpewzX723nTZ1Sfn3JkWtX4KaoHrqqvY0oAIs00df","communication_protocol_version":"1.5.0","com.unity.ml-agents_version":"2.2.1-exp.1","scene_name":"SampleScene","end_time_seconds":"1647589952"}}